title,url
Sociální inteligence,https://cs.wikipedia.org/wiki/Soci%C3%A1ln%C3%AD_inteligence
Venkov,https://cs.wikipedia.org/wiki/Venkov
Dělnická třída,https://cs.wikipedia.org/wiki/D%C4%9Blnick%C3%A1_t%C5%99%C3%ADda
Melting pot,https://cs.wikipedia.org/wiki/Melting_pot
Kulturní relativismus,https://cs.wikipedia.org/wiki/Kulturn%C3%AD_relativismus
Bratrstvo,https://cs.wikipedia.org/wiki/Bratrstvo
Sociální adaptace,https://cs.wikipedia.org/wiki/Soci%C3%A1ln%C3%AD_adaptace
Resocializace,https://cs.wikipedia.org/wiki/Resocializace
Ostrakismus,https://cs.wikipedia.org/wiki/Ostrakismus
Sociální stratifikace,https://cs.wikipedia.org/wiki/Soci%C3%A1ln%C3%AD_stratifikace
Ghetto,https://cs.wikipedia.org/wiki/Ghetto
Patriarchát,https://cs.wikipedia.org/wiki/Patriarch%C3%A1t
Enkulturace,https://cs.wikipedia.org/wiki/Enkulturace
Esencialismus,https://cs.wikipedia.org/wiki/Esencialismus
Definice situace,https://cs.wikipedia.org/wiki/Definice_situace
Gender,https://cs.wikipedia.org/wiki/Gender
Haló efekt,https://cs.wikipedia.org/wiki/Hal%C3%B3_efekt
Chicagská škola (sociologie),https://cs.wikipedia.org/wiki/Chicagsk%C3%A1_%C5%A1kola_(sociologie)
Kariéra,https://cs.wikipedia.org/wiki/Kari%C3%A9ra
Konflikt,https://cs.wikipedia.org/wiki/Konflikt
Kulturní změna,https://cs.wikipedia.org/wiki/Kulturn%C3%AD_zm%C4%9Bna
Kulturní šok,https://cs.wikipedia.org/wiki/Kulturn%C3%AD_%C5%A1ok
Matriarchát,https://cs.wikipedia.org/wiki/Matriarch%C3%A1t
Menšina,https://cs.wikipedia.org/wiki/Men%C5%A1ina
Noosféra,https://cs.wikipedia.org/wiki/Noosf%C3%A9ra
Opora výběru,https://cs.wikipedia.org/wiki/Opora_v%C3%BDb%C4%9Bru
Patrilinearita,https://cs.wikipedia.org/wiki/Patrilinearita
Popularita,https://cs.wikipedia.org/wiki/Popularita
Pozorování,https://cs.wikipedia.org/wiki/Pozorov%C3%A1n%C3%AD
Prestiž,https://cs.wikipedia.org/wiki/Presti%C5%BE
Preference,https://cs.wikipedia.org/wiki/Preference
Rituál,https://cs.wikipedia.org/wiki/Ritu%C3%A1l
Riziková společnost,https://cs.wikipedia.org/wiki/Rizikov%C3%A1_spole%C4%8Dnost
Tolerance,https://cs.wikipedia.org/wiki/Tolerance
Sociální mobilita,https://cs.wikipedia.org/wiki/Soci%C3%A1ln%C3%AD_mobilita
Suburbanizace,https://cs.wikipedia.org/wiki/Suburbanizace
Kulturní kapitál,https://cs.wikipedia.org/wiki/Kulturn%C3%AD_kapit%C3%A1l
Agrese,https://cs.wikipedia.org/wiki/Agrese
Komunita,https://cs.wikipedia.org/wiki/Komunita
Diaspora,https://cs.wikipedia.org/wiki/Diaspora
Solidarita,https://cs.wikipedia.org/wiki/Solidarita
Stereotyp,https://cs.wikipedia.org/wiki/Stereotyp
Racionalita,https://cs.wikipedia.org/wiki/Racionalita
Chudoba,https://cs.wikipedia.org/wiki/Chudoba
Subkultura,https://cs.wikipedia.org/wiki/Subkultura
Normalita,https://cs.wikipedia.org/wiki/Normalita
Dav,https://cs.wikipedia.org/wiki/Dav
Kapitál (sociologie),https://cs.wikipedia.org/wiki/Kapit%C3%A1l_(sociologie)
Ritualismus,https://cs.wikipedia.org/wiki/Ritualismus
Reflexivita (sociologie),https://cs.wikipedia.org/wiki/Reflexivita_(sociologie)
Laická sociologie,https://cs.wikipedia.org/wiki/Laick%C3%A1_sociologie
Masarykova sociologická společnost,https://cs.wikipedia.org/wiki/Masarykova_sociologick%C3%A1_spole%C4%8Dnost
Jan Keller,https://cs.wikipedia.org/wiki/Jan_Keller
Bohuslav Blažek,https://cs.wikipedia.org/wiki/Bohuslav_Bla%C5%BEek
Jiří Musil (sociolog),https://cs.wikipedia.org/wiki/Ji%C5%99%C3%AD_Musil_%28sociolog%29
Miloslav Petrusek,https://cs.wikipedia.org/wiki/Miloslav_Petrusek
Martin Potůček,https://cs.wikipedia.org/wiki/Martin_Pot%C5%AF%C4%8Dek
Emanuel Chalupný,https://cs.wikipedia.org/wiki/Emanuel_Chalupn%C3%BD
Hynek Jeřábek,https://cs.wikipedia.org/wiki/Hynek_Je%C5%99%C3%A1bek
Antonín Uhlíř,https://cs.wikipedia.org/wiki/Anton%C3%ADn_Uhl%C3%AD%C5%99
Jan Mertl,https://cs.wikipedia.org/wiki/Jan_Mertl
Ernest Gellner,https://cs.wikipedia.org/wiki/Ernest_Gellner
Sociologický ústav Akademie věd České republiky,https://cs.wikipedia.org/wiki/Sociologick%C3%BD_%C3%BAstav_Akademie_v%C4%9Bd_%C4%8Cesk%C3%A9_republiky
Etnologický ústav Akademie věd České republiky,https://cs.wikipedia.org/wiki/Etnologick%C3%BD_%C3%BAstav_Akademie_v%C4%9Bd_%C4%8Cesk%C3%A9_republiky
Sociologické nakladatelství,https://cs.wikipedia.org/wiki/Sociologick%C3%A9_nakladatelstv%C3%AD
Svobodná škola politických nauk,https://cs.wikipedia.org/wiki/Svobodn%C3%A1_%C5%A1kola_politick%C3%BDch_nauk
Filosofický časopis,https://cs.wikipedia.org/wiki/Filosofick%C3%BD_%C4%8Dasopis
Sociální studia,https://cs.wikipedia.org/wiki/Soci%C3%A1ln%C3%AD_studia
Ústav vědeckého ateismu ČSAV,https://cs.wikipedia.org/wiki/%C3%9Astav_v%C4%9Bdeck%C3%A9ho_ateismu_%C4%8CSAV
Výzkumný ústav práce a sociálních věcí,https://cs.wikipedia.org/wiki/V%C3%BDzkumn%C3%BD_%C3%BAstav_pr%C3%A1ce_a_soci%C3%A1ln%C3%ADch_v%C4%9Bc%C3%AD
Česká akademie věd a umění ,https://cs.wikipedia.org/wiki/%C4%8Cesk%C3%A1_akademie_v%C4%9Bd_a_um%C4%9Bn%C3%AD
Grantová agentura České republiky,https://cs.wikipedia.org/wiki/Grantov%C3%A1_agentura_%C4%8Cesk%C3%A9_republiky
